last,first,middle,DOB
Charman,Becky,bcharman0,2024-04-05
Vero,Gloriana,gvero1,2024-05-07
Raggett,Sibeal,sraggett2,2024-07-16
Renihan,Amara,arenihan3,2024-04-12
Hobben,Kittie,khobben4,2024-04-07
Pyke,Elva,epyke5,2024-07-23
Ausello,Pavlov,pausello6,2023-12-21
Heaker,Kerby,kheaker7,2024-10-08
Brownsill,Vanni,vbrownsill8,2024-09-26
Rikkard,Daryle,drikkard9,2024-10-03
